image,captcha_value,captcha_length
captcha_4921.png,Y4MGWA,6
captcha_4925.png,A5FGKY,6
captcha_4926.png,7YGGDH,6
captcha_4927.png,DDC3NA,6
captcha_4929.png,WRM5B4,6
captcha_4931.png,K2YE6G,6
captcha_4933.png,DNAHPP,6
captcha_4935.png,PN4B7C,6
captcha_4936.png,YM2BN4,6
captcha_4937.png,H545D4,6
captcha_4938.png,8E3AXF,6
captcha_4940.png,25WREN,6
captcha_4941.png,NR5P2F,6
captcha_4943.png,2RBPP4,6
captcha_4944.png,CADCNY,6
captcha_4945.png,3F777F,6
captcha_4946.png,B52EMN,6
captcha_4950.png,3FPWGP,6
captcha_4951.png,6ED2CW,6
captcha_4953.png,RE5MDF,6
captcha_4954.png,3KYEXK,6
captcha_4955.png,5GPDW6,6
captcha_4956.png,ABF2W2,6
captcha_4957.png,2PX87H,6
captcha_4958.png,7EMHAF,6
captcha_4959.png,CY87PN,6
captcha_4960.png,2F4BFR,6
captcha_4961.png,726FNY,6
captcha_4964.png,NC2FD8,6
captcha_4965.png,NYNM42,6
captcha_4966.png,G5N7MH,6
captcha_4967.png,X2P6HG,6
captcha_4968.png,MD87BA,6
captcha_4969.png,G56M72,6
captcha_4971.png,CBDX63,6
captcha_4973.png,YF3NG5,6
captcha_4974.png,4FWG68,6
captcha_4975.png,3C3GBF,6
captcha_4976.png,234D3A,6
captcha_4977.png,Y4CB3W,6
captcha_4981.png,XHBWY2,6
captcha_4982.png,F3HAP8,6
captcha_4984.png,2YW4KH,6
captcha_4986.png,G6NH47,6
captcha_4988.png,8KB3P5,6
captcha_4992.png,27YB8N,6
captcha_4993.png,M42M8C,6
captcha_4994.png,KXB4XW,6
captcha_4995.png,XRMA7P,6
captcha_4996.png,G3MF5W,6
captcha_4997.png,M8C2BB,6
captcha_4998.png,5BPREK,6
captcha_5000.png,8YEFWM,6
captcha_5001.png,EYNC4P,6
captcha_5002.png,RYFBBY,6
captcha_5003.png,XMFM32,6
captcha_5004.png,R4YC63,6
captcha_5005.png,N8H823,6
captcha_5008.png,HRPBKA,6
captcha_5010.png,FEGDXR,6
captcha_5012.png,52Y2B7,6
captcha_5014.png,DB7MAM,6
captcha_5016.png,AHFRWA,6
captcha_5017.png,F6BXEC,6
captcha_5018.png,8CX2AB,6
captcha_5020.png,435PE4,6
captcha_5022.png,6X563B,6
captcha_5024.png,YAK52N,6
captcha_5025.png,WPCY7Y,6
captcha_5026.png,CFBPKK,6
captcha_5027.png,WF45KX,6
captcha_5028.png,43DA3M,6
captcha_5030.png,B4782H,6
captcha_5031.png,7WAGRE,6
captcha_5033.png,E2B3RW,6
captcha_5034.png,N8445M,6
captcha_5035.png,G52DE3,6
captcha_5036.png,YDYM8W,6
captcha_5037.png,EYNK6X,6
captcha_5038.png,GMYWNW,6
captcha_5043.png,5RCRHR,6
captcha_5044.png,YWMP6C,6
captcha_5045.png,K5N6C3,6
captcha_5046.png,3GC73M,6
captcha_5047.png,CG4DDB,6
captcha_5048.png,A7AH2F,6
captcha_5049.png,RN7BCK,6
captcha_5050.png,E75NRX,6
captcha_5051.png,AW5DEK,6
captcha_5052.png,5B7NAN,6
captcha_5053.png,EKYR3W,6
captcha_5054.png,8DPREX,6
captcha_5055.png,8FBN4H,6
captcha_5056.png,YRA8EW,6
captcha_5057.png,CPR5CW,6
captcha_5058.png,GD6AAF,6
captcha_5061.png,EDAXY3,6
captcha_5062.png,A8HPPG,6
captcha_5063.png,MA7EB5,6
captcha_5064.png,FNCPYM,6
captcha_5065.png,PYPNRE,6
captcha_5066.png,64Y63D,6
captcha_5071.png,5PWC55,6
captcha_5072.png,NCDB44,6
captcha_5076.png,7RNG5R,6
captcha_5078.png,DB7BYP,6
captcha_5081.png,4FHN3Y,6
captcha_5082.png,X28MXH,6
captcha_5085.png,RENPNP,6
captcha_5090.png,G7N5PM,6
captcha_5091.png,KBXY8R,6
captcha_5093.png,KHFM53,6
captcha_5094.png,PWPNEP,6
captcha_5095.png,52FYMN,6
captcha_5096.png,FM5G4Y,6
captcha_5098.png,EWGXG6,6
captcha_5099.png,YPMM4F,6
captcha_5100.png,2Y5FCM,6
captcha_5102.png,432MWE,6
captcha_5104.png,GC34HD,6
captcha_5105.png,GW5XMB,6
captcha_5106.png,3CN72D,6
captcha_5110.png,566PFR,6
captcha_5111.png,7GY4BN,6
captcha_5112.png,KMYPN5,6
captcha_5113.png,23EDXM,6
captcha_5114.png,NDF8X8,6
captcha_5115.png,D33C27,6
captcha_5116.png,FMMFGN,6
captcha_5118.png,ANW7E4,6
captcha_5120.png,B7NKAF,6
captcha_5122.png,Y5G766,6
captcha_5123.png,XAG8HD,6
captcha_5125.png,AX43AF,6
captcha_5126.png,NEDECD,6
captcha_5127.png,RCX27K,6
captcha_5128.png,76YN8K,6
captcha_5129.png,BRM6GD,6
captcha_5130.png,3MY537,6
captcha_5131.png,G6E434,6
captcha_5132.png,ED87FY,6
captcha_5133.png,NK24YH,6
captcha_5134.png,5XCWF3,6
captcha_5135.png,673NHY,6
captcha_5136.png,EXCRA6,6
captcha_5137.png,8K4CDD,6
captcha_5138.png,FAFWDY,6
captcha_5139.png,E7CFAE,6
captcha_5140.png,5FE4CG,6
captcha_5143.png,YR2AAG,6
captcha_5144.png,M4FC6P,6
captcha_5145.png,6GBY7X,6
captcha_5148.png,A3C32M,6
captcha_5150.png,583N7P,6
captcha_5152.png,FCG6EM,6
captcha_5153.png,WN47AX,6
captcha_5155.png,W4HRRW,6
captcha_5156.png,E6A7A5,6
captcha_5159.png,FBH5N6,6
captcha_5161.png,7MNWAD,6
captcha_5162.png,C4FAPR,6
captcha_5163.png,6A4XAM,6
captcha_5164.png,FRWEYH,6
captcha_5165.png,W363BG,6
captcha_5166.png,4GHYF8,6
captcha_5167.png,WHC72R,6
captcha_5168.png,N4PM47,6
captcha_5169.png,3B3CCF,6
captcha_5170.png,6PWFCW,6
captcha_5171.png,MMNDN5,6
captcha_5173.png,G32NFE,6
captcha_5176.png,35PCP6,6
captcha_5177.png,PW67BG,6
captcha_5178.png,R5X888,6
captcha_5179.png,4NY3H5,6
captcha_5180.png,3GPAK8,6
captcha_5181.png,YY8KKP,6
captcha_5182.png,G64FPE,6
captcha_5183.png,3C5W64,6
captcha_5184.png,35K48D,6
captcha_5185.png,3DPB4X,6
captcha_5187.png,8NK8A5,6
captcha_5188.png,X245NF,6
captcha_5191.png,F7CBYD,6
captcha_5192.png,4FKMR2,6
captcha_5193.png,42H3FY,6
captcha_5195.png,X4GKHN,6
captcha_5196.png,4RWG2R,6
captcha_5198.png,2HNN38,6
captcha_5199.png,N2F2R4,6
captcha_5200.png,CE7MDA,6
captcha_5201.png,M4YHWX,6
captcha_5202.png,534YYW,6
captcha_5203.png,GNEPK4,6
captcha_5205.png,HE4ACD,6
captcha_5206.png,PEF6NW,6
captcha_5207.png,D74HBY,6
captcha_5208.png,5K23R7,6
captcha_5209.png,3KCFN4,6
captcha_5212.png,CRK7EN,6
captcha_5215.png,GGDYXW,6
captcha_5220.png,FPBNFD,6
captcha_5222.png,EH2D3P,6
captcha_5223.png,M84E2G,6
captcha_5226.png,DYHP86,6
captcha_5227.png,24PPHK,6
captcha_5229.png,G6824H,6
captcha_5230.png,DMCPBN,6
captcha_5233.png,5FBCMG,6
captcha_5234.png,7M5AGY,6
captcha_5235.png,CA8YWZ,6
captcha_5236.png,NR764F,6
captcha_5237.png,DCMNW3,6
captcha_5238.png,453GRH,6
captcha_5239.png,F2WH5E,6
captcha_5240.png,GNNAW6,6
captcha_5242.png,54F7CP,6
captcha_5243.png,YWG3FB,6
captcha_5247.png,CK8FBE,6
captcha_5248.png,D7CRY2,6
captcha_5249.png,53EX26,6
captcha_5250.png,PRDR3R,6
captcha_5251.png,WADRWG,6
captcha_5252.png,28Y5C5,6
captcha_5253.png,44CA4E,6
captcha_5256.png,D2A3PB,6
captcha_5258.png,NHK6XG,6
captcha_5263.png,FRFAA2,6
captcha_5264.png,GX8KXK,6
captcha_5268.png,KX6PP6,6
captcha_5269.png,B2RY37,6
captcha_5270.png,RNPKDB,6
captcha_5271.png,E4XPYN,6
captcha_5275.png,YEW87X,6
captcha_5276.png,X523C6,6
captcha_5279.png,H2A2BA,6
captcha_5280.png,8GXMMG,6
captcha_5281.png,H7KCR2,6
captcha_5282.png,7KPN36,6
captcha_5283.png,DA66R5,6
captcha_5285.png,NMEDHG,6
captcha_5287.png,7RYK3K,6
captcha_5289.png,GPRP3M,6
captcha_5290.png,GPRP3M,6
captcha_5291.png,MNY3B7,6
captcha_5292.png,Y5ENP8,6
captcha_5293.png,3PKBDR,6
captcha_5294.png,CP8AGH,6
captcha_5296.png,EKH63R,6
captcha_5297.png,8XB2EC,6
captcha_5303.png,YMPNX8,6
captcha_5304.png,4RYANP,6
captcha_5308.png,22BD4F,6
captcha_5309.png,WR7R4R,6
captcha_5312.png,8MCX7K,6
captcha_5313.png,AHHYMA,6
captcha_5318.png,P6HYXP,6
captcha_5319.png,A5K772,6
captcha_5320.png,78AH4Y,6
captcha_5322.png,P6HYXP,6
captcha_5323.png,2KRW4N,6
captcha_5326.png,7MG8D2,6
captcha_5329.png,GA2WR6,6
captcha_5330.png,RCKGGB,6
captcha_5331.png,DBBP66,6
captcha_5334.png,FEHXXE,6
captcha_5337.png,2HECYH,6
captcha_5340.png,RK6FYR,6
captcha_5341.png,R76B4M,6
captcha_5342.png,CCG4MC,6
captcha_5347.png,DX6EDW,6
captcha_5348.png,YNPP8M,6
captcha_5349.png,GFBAHA,6
captcha_5350.png,3D67R6,6
captcha_5354.png,4H6KYA,6
captcha_5356.png,BM78YW,6
captcha_5357.png,8YXYDB,6
captcha_5358.png,6KKBNF,6
captcha_5359.png,BGB78M,6
captcha_5361.png,BDEA2G,6
captcha_5363.png,EB4YBP,6
captcha_5364.png,BE3F8K,6
captcha_5365.png,X6R2BH,6
captcha_5366.png,64BM8H,6
captcha_5368.png,P3K3P6,6
captcha_5369.png,EDBRWD,6
captcha_5370.png,WEKW6N,6
captcha_5371.png,PPYXB5,6
captcha_5372.png,3K3H86,6
captcha_5373.png,557CWX,6
captcha_5374.png,GRB2KM,6
captcha_5375.png,PCDN6P,6
captcha_5376.png,XEXKCA,6
captcha_5379.png,PMPX8G,6
captcha_5381.png,EX3C8A,6
captcha_5382.png,E8KDG5,6
captcha_5384.png,4MH5A7,6
captcha_5387.png,6BH668,6
captcha_5388.png,YRX5D4,6
captcha_5389.png,WYW52M,6
captcha_5390.png,YCPYD2,6
captcha_5391.png,5H853A,6
captcha_5392.png,7P3FN5,6
captcha_5393.png,B6HPXK,6
captcha_5395.png,GRKN6F,6
captcha_5397.png,RWW4YR,6
captcha_5399.png,WWGPYY,6
captcha_5401.png,G7XG88,6
captcha_5403.png,MCY2FD,6
captcha_5404.png,YHDMN8,6
captcha_5405.png,84358B,6
captcha_5406.png,5Y6P3D,6
captcha_5408.png,F7GYCE,6
captcha_5411.png,2NEACX,6
captcha_5412.png,575FF5,6
captcha_5413.png,6B8HDY,6
captcha_5414.png,56WNPY,6
captcha_5415.png,2YX433,6
captcha_5416.png,X3RFYA,6
captcha_5418.png,KD8B46,6
captcha_5419.png,6DHPR8,6
captcha_5420.png,Y83KM7,6
captcha_5421.png,EER2MW,6
captcha_5422.png,BE5HMC,6
captcha_5423.png,NKD7W7,6
captcha_5424.png,RFCEGE,6
captcha_5425.png,BR25MX,6
captcha_5426.png,W4KWND,6
captcha_5427.png,8EF7N8,6
captcha_5428.png,EKD473,6
captcha_5429.png,M8W85R,6
captcha_5430.png,5588C5,6
captcha_5431.png,EYDX77,6
captcha_5432.png,Y463R3,6
captcha_5433.png,DXBXWK,6
captcha_5434.png,PGPN2X,6
captcha_5436.png,5PY6NH,6
captcha_5437.png,D4EMK2,6
captcha_5439.png,GRXME7,6
captcha_5440.png,BYCBFX,6
captcha_5441.png,F2RAXN,6
captcha_5442.png,DDKPWX,6
captcha_5443.png,3P836B,6
captcha_5444.png,4AKH3W,6
captcha_5445.png,NY5WEY,6
captcha_5446.png,R657M5,6
captcha_5447.png,2N288E,6
captcha_5448.png,NA2B7Y,6
captcha_5449.png,H4X3MM,6
captcha_5450.png,D3HE2E,6
captcha_5451.png,CW8E3Y,6
captcha_5454.png,WE5EFA,6
captcha_5455.png,XH5HBX,6
captcha_5456.png,X3XMFF,6
captcha_5457.png,3RGKYF,6
captcha_5458.png,HDYGPF,6
captcha_5459.png,FH4K5E,6
captcha_5460.png,MMR343,6
captcha_5461.png,H8ADCD,6
captcha_5462.png,35F427,6
captcha_5463.png,R6FMA7,6
captcha_5464.png,YNYRA3,6
captcha_5465.png,5YC4F5,6
captcha_5466.png,RNDWPY,6
captcha_5467.png,6B4B6C,6
captcha_5468.png,F3M844,6
captcha_5469.png,WP8G8D,6
captcha_5470.png,8MA76E,6
captcha_5471.png,RYKG7M,6
captcha_5472.png,D6HDY5,6
captcha_5474.png,MMK5EY,6
captcha_5475.png,E3AYFC,6
captcha_5476.png,5EPKR6,6
captcha_5477.png,F3HMMY,6
captcha_5478.png,HPYMCG,6
captcha_5479.png,B4EXB2,6
captcha_5480.png,N8H8BF,6
captcha_5481.png,W85NWK,6
captcha_5482.png,B85CDD,6
captcha_5483.png,WP6BRD,6
captcha_5484.png,FYYY8M,6
captcha_5485.png,CYFM8D,6
captcha_5486.png,D4EHH6,6
captcha_5487.png,WK5P7R,6
captcha_5488.png,7FYP7X,6
captcha_5489.png,WME83X,6
captcha_5490.png,PP4WCP,6
captcha_5492.png,CCYAH4,6
captcha_5493.png,NCD3DN,6
captcha_5494.png,XFA7DC,6
captcha_5495.png,D4E38E,6
captcha_5496.png,YYBX4A,6
captcha_5497.png,CFRF57,6
captcha_5498.png,PNX726,6
captcha_5499.png,CCWNHG,6
captcha_5500.png,DGXBCW,6
captcha_5501.png,3557G3,6
captcha_5502.png,5GEP2C,6
captcha_5503.png,PACX6H,6
captcha_5504.png,MGDG4H,6
captcha_5505.png,7FRC7P,6
captcha_5506.png,KRPKCC,6
captcha_5507.png,NGDG72,6
captcha_5508.png,KHCG4C,6
captcha_5509.png,F3EWK6,6
captcha_5510.png,R66ENW,6
captcha_5511.png,DH2Y24,6
captcha_5512.png,NCX3Y3,6
captcha_5513.png,B8EXMC,6
captcha_5514.png,YX8FPH,6
captcha_5515.png,KK3AN4,6
captcha_5516.png,HEPE2A,6
captcha_5517.png,DFC2PD,6
captcha_5518.png,D5E726,6
captcha_5519.png,DF4GXY,6
captcha_5522.png,G6BBNF,6
captcha_5523.png,WCR2KY,6
captcha_5524.png,7N6EKG,6
captcha_5525.png,PCC76M,6
captcha_5526.png,XWPP2X,6
captcha_5527.png,3RM8H7,6
captcha_5530.png,6MNBY4,6
captcha_5533.png,85554A,6
captcha_5535.png,6N3R86,6
captcha_5536.png,F3283R,6
captcha_5538.png,5M8BX2,6
captcha_5541.png,4HC3AA,6
captcha_5542.png,CP53GY,6
captcha_5543.png,FCGKXM,6
captcha_5544.png,ED4RE7,6
captcha_5545.png,6HPP5N,6
captcha_5546.png,M5RB2E,6
captcha_5547.png,G7326G,6
captcha_5548.png,XYR5MR,6
captcha_5550.png,EE8FCR,6
captcha_5551.png,7F7838,6
captcha_5553.png,B5GC7F,6
captcha_5554.png,6PGBAW,6
captcha_5555.png,44CAGX,6
captcha_5557.png,G85KG6,6
captcha_5558.png,NNAE4M,6
captcha_5560.png,YNFCHE,6
captcha_5561.png,CC7KA2,6
captcha_5562.png,F2MEG3,6
captcha_5564.png,87G8EC,6
captcha_5565.png,RCWWGG,6
captcha_5567.png,EAMMBB,6
captcha_5568.png,7HX3AM,6
captcha_5569.png,ENYRW3,6
captcha_5575.png,CW2WAF,6
captcha_5576.png,CAA8XM,6
captcha_5577.png,NDRA2P,6
captcha_5579.png,7G2KB5,6
captcha_5581.png,XAK2DA,6
captcha_5582.png,CM3BN2,6
captcha_5585.png,RA6HM7,6
captcha_5586.png,F8R5BN,6
captcha_5587.png,YDNHFN,6
captcha_5589.png,F5GDNX,6
captcha_5591.png,G6DHBP,6
captcha_5592.png,BPK2K3,6
captcha_5593.png,4PF3HW,6
captcha_5594.png,KD5WMW,6
captcha_5595.png,FCCNCB,6
captcha_5596.png,6EBM2F,6
captcha_5597.png,H5FAC4,6
captcha_5598.png,2NMF5F,6
captcha_5599.png,PBKCPP,6
captcha_5600.png,WECA2P,6
captcha_5601.png,HNNYXN,6
captcha_5604.png,DAXHFY,6
captcha_5606.png,P7PEM2,6
captcha_5607.png,FRM52H,6
captcha_5608.png,Y773YB,6
captcha_5609.png,EFG8FM,6
captcha_5610.png,EXY4XW,6
captcha_5611.png,NAK3M7,6
captcha_5612.png,34NYRG,6
captcha_5613.png,RXEAMP,6
captcha_5614.png,YXPGWE,6
captcha_5615.png,P7KF54,6
captcha_5616.png,W3FFRR,6
captcha_5617.png,PHGY2M,6
captcha_5618.png,AYBHXP,6
captcha_5619.png,666NGH,6
captcha_5620.png,X277B6,6
captcha_5621.png,A5HFH4,6
captcha_5622.png,DNY5GB,6
captcha_5623.png,HPW5FM,6
captcha_5624.png,2E8NHR,6
captcha_5625.png,RYN6CH,6
captcha_5626.png,4463P5,6
captcha_5627.png,2PHGMY,6
captcha_5628.png,8GPG2P,6
captcha_5629.png,7RF5HR,6
captcha_5630.png,MYWWEN,6
captcha_5631.png,DR7A4Y,6
captcha_5632.png,A462AM,6
captcha_5633.png,HKX7RW,6
captcha_5634.png,HAD3PW,6
captcha_5636.png,3RA6FW,6
captcha_5637.png,FCMM8W,6
captcha_5638.png,5GP24H,6
captcha_5639.png,DGM53Y,6
captcha_5640.png,P7BRMK,6
captcha_5641.png,6EP458,6
captcha_5643.png,2FMR5A,6
captcha_5644.png,D66N83,6
captcha_5645.png,AB8RCN,6
captcha_5646.png,PR5HB4,6
captcha_5647.png,74YBYR,6
captcha_5649.png,BAGW5W,6
captcha_5650.png,6FNCF4,6
captcha_5652.png,WBRFK5,6
captcha_5653.png,KXADX4,6
captcha_5654.png,H8AK8N,6
captcha_5655.png,APXEHD,6
captcha_5656.png,74NB5P,6
captcha_5657.png,2EFHYR,6
captcha_5658.png,G8CN24,6
captcha_5659.png,2F2CDW,6
captcha_5660.png,GBEB43,6
captcha_5661.png,MBW8FE,6
captcha_5663.png,ARM5HC,6
captcha_5665.png,774XCK,6
captcha_5667.png,W585YB,6
captcha_5671.png,WP8KDM,6
captcha_5676.png,4FKDCK,6
captcha_5678.png,F3PNKX,6
captcha_5682.png,D7BDFF,6
captcha_5684.png,H3AABW,6
captcha_5688.png,NGW5FP,6
captcha_5690.png,XEBY3A,6
captcha_5694.png,88BG43,6
captcha_5698.png,AX8YFA,6
captcha_5699.png,6YRY2W,6
captcha_5701.png,8X6WB4,6
captcha_5702.png,PHNN7H,6
captcha_5703.png,YEGF4H,6
captcha_5706.png,4RWN8D,6
captcha_5709.png,EEHFBA,6
captcha_5710.png,WMAKHR,6
captcha_5711.png,A26EP6,6
captcha_5712.png,CCG8HA,6
captcha_5713.png,3AA5DB,6
captcha_5714.png,8ERHDG,6
captcha_5716.png,C45FMF,6
captcha_5718.png,PWWPEB,6
captcha_5719.png,WRHD3B,6
captcha_5720.png,YN8HYF,6
captcha_5721.png,P3W6MC,6
captcha_5724.png,BPXDXD,6
captcha_5725.png,RKMEHH,6
captcha_5727.png,3A3G64,6
captcha_5728.png,CXAHYF,6
captcha_5732.png,H88RFP,6
captcha_5733.png,8N58AM,6
captcha_5734.png,7MCYG8,6
captcha_5735.png,XAEPFD,6
captcha_5736.png,7FFKG3,6
captcha_5737.png,KDAHXD,6
captcha_5738.png,5M8M53,6
captcha_5739.png,MPHRH5,6
captcha_5740.png,2G8CXK,6
captcha_5741.png,CPYD2A,6
captcha_5742.png,YKHFN5,6
captcha_5743.png,CC4KWK,6
captcha_5744.png,GP3B72,6
captcha_5745.png,6AAKP6,6
captcha_5746.png,E46ANP,6
captcha_5747.png,2GP4AB,6
captcha_5748.png,23B24P,6
captcha_5749.png,N372DD,6
captcha_5750.png,P74CBN,6
captcha_5751.png,KY82B8,6
captcha_5752.png,B8GFKK,6
captcha_5753.png,CPYDWA,6
captcha_5754.png,W5FFPW,6
captcha_5756.png,RCNPFB,6
captcha_5757.png,KRNECK,6
captcha_5759.png,4CC5AC,6
captcha_5762.png,74X8D4,6
captcha_5763.png,3K667G,6
captcha_5765.png,M376CG,6
captcha_5766.png,DEE6YE,6
captcha_5768.png,WYB573,6
captcha_5769.png,PEGNGA,6
captcha_5770.png,N6GKYE,6
captcha_5772.png,MNDN7E,6
captcha_5773.png,F6CNX8,6
captcha_5776.png,Y24H74,6
captcha_5777.png,E6Y3BR,6
captcha_5778.png,A5C2D2,6
captcha_5779.png,3F2H66,6
captcha_5780.png,ND84FH,6
captcha_5781.png,DHEANM,6
captcha_5782.png,MEPDCN,6
captcha_5783.png,XAXKYB,6
captcha_5784.png,YPA64W,6
captcha_5785.png,3B8YDK,6
captcha_5786.png,N8FM8R,6
captcha_5787.png,YEH6EN,6
captcha_5788.png,W5Y8EW,6
captcha_5789.png,B782R4,6
captcha_5790.png,4BX425,6
captcha_5791.png,KB578B,6
captcha_5792.png,2E4Y5N,6
captcha_5793.png,BHG4FF,6
captcha_5794.png,AAR433,6
captcha_5798.png,FG8FCR,6
captcha_5800.png,P5KXAM,6
captcha_5801.png,EPBCBG,6
captcha_5802.png,YXGMKB,6
captcha_5803.png,WH7N5Y,6
captcha_5806.png,AR4AAK,6
captcha_5807.png,EMRY4C,6
captcha_5809.png,D28CE3,6
captcha_5810.png,XR3CXD,6
captcha_5811.png,2BFYW3,6
captcha_5812.png,2YR3HA,6
captcha_5813.png,AA75XE,6
captcha_5814.png,4RB725,6
captcha_5815.png,K6PBGC,6
captcha_5816.png,R732DD,6
captcha_5817.png,46XKKN,6
captcha_5818.png,5Y6XDX,6
captcha_5819.png,GXCM88,6
captcha_5820.png,3XR3ED,6
captcha_5822.png,K3G3HP,6
captcha_5823.png,X6N7E8,6
captcha_5824.png,XYKHEH,6
captcha_5825.png,WCMR6E,6
captcha_5826.png,K22CKD,6
captcha_5827.png,MHCR3B,6
captcha_5828.png,744MEE,6
captcha_5829.png,XFBE4E,6
captcha_5830.png,K7Y6E7,6
captcha_5832.png,DNCXM5,6
captcha_5833.png,GW55P3,6
captcha_5835.png,3MFF3R,6
captcha_5836.png,Y45GHG,6
captcha_5838.png,D6AP32,6
captcha_5839.png,X2GD6M,6
captcha_5840.png,5GHND3,6
captcha_5843.png,XEPAB5,6
captcha_5844.png,Y467D3,6
captcha_5845.png,4P67HX,6
captcha_5846.png,YRGYYX,6
captcha_5847.png,3RWX7Y,6
captcha_5849.png,H8PKDR,6
captcha_5850.png,4HKW26,6
captcha_5852.png,KKKF74,6
captcha_5853.png,4MWM3W,6
captcha_5854.png,6BHN7N,6
captcha_5856.png,3P68YC,6
captcha_5859.png,P7AX4B,6
captcha_5862.png,MNGA7P,6
captcha_5863.png,KP58PG,6
captcha_5865.png,4FDD67,6
captcha_5866.png,CGAYAC,6
captcha_5867.png,G6R3PG,6
captcha_5869.png,723XKN,6
captcha_5870.png,FXMB7H,6
captcha_5872.png,WDGCGE,6
captcha_5873.png,H5BRXW,6
captcha_5874.png,355GHK,6
captcha_5875.png,WYHG26,6
captcha_5877.png,7M3W36,6
captcha_5878.png,4CACK3,6
captcha_5880.png,EHX44H,6
captcha_5881.png,F8NPBA,6
captcha_5882.png,DPEH77,6
captcha_5884.png,KF4HNX,6
captcha_5885.png,67XCPR,6
captcha_5887.png,P57NBE,6
captcha_5888.png,WBPYEF,6
captcha_5889.png,W72AMM,6
captcha_5892.png,7R3DN4,6
captcha_5893.png,KK6XH7,6
captcha_5894.png,HXFDNW,6
captcha_5895.png,NRHHPY,6
captcha_5896.png,EBXDWM,6
captcha_5899.png,FPG4M4,6
captcha_5900.png,W5YCCA,6
captcha_5901.png,KK3GBF,6
captcha_5902.png,63A846,6
captcha_5904.png,X6W6X3,6
captcha_5905.png,3N5DME,6
captcha_5906.png,CFKP4R,6
captcha_5907.png,7CHHEF,6
captcha_5909.png,HGA6AN,6
captcha_5910.png,K2HG7X,6
captcha_5912.png,EF4Y5W,6
captcha_5914.png,R454P7,6
captcha_5915.png,B8GW6C,6
captcha_5916.png,KG4FG2,6
captcha_5917.png,M57KXK,6
captcha_5919.png,2WHXEW,6
captcha_5921.png,KD67A8,6
captcha_5922.png,MFB67D,6
captcha_5924.png,ERW8DD,6
captcha_5925.png,HRND3C,6
captcha_5926.png,G252XC,6
captcha_5927.png,MN4CY2,6
captcha_5929.png,YP4E5D,6
captcha_5930.png,KCMD43,6
captcha_5932.png,6D2WAW,6
captcha_5933.png,RRMDX2,6
captcha_5934.png,RBNWGB,6
captcha_5936.png,X6Y834,6
captcha_5937.png,PXF5XG,6
captcha_5938.png,4C55HK,6
captcha_5943.png,C7PA4C,6
captcha_5944.png,MF4ABB,6
captcha_5945.png,R7MREB,6
captcha_5948.png,P7NGG2,6
captcha_5951.png,XA2MDX,6
captcha_5954.png,NEY7W4,6
captcha_5956.png,C75KHN,6
captcha_5958.png,2FB4X8,6
captcha_5961.png,P66D2P,6
captcha_5964.png,XAW3K7,6
captcha_5967.png,H3P2Y2,6
captcha_5969.png,8GXM2B,6
captcha_5970.png,8DD3KM,6
captcha_5972.png,82R2PX,6
captcha_5974.png,WXNCCF,6
captcha_5976.png,WC23D5,6
captcha_5984.png,6EHDWA,6
captcha_5985.png,85YWGA,6
captcha_5987.png,7D3FYC,6
captcha_5988.png,AYHBHH,6
captcha_5990.png,BXPD5E,6
captcha_5992.png,DEKDW5,6
captcha_5993.png,7A6DWX,6
captcha_5994.png,3BY822,6
captcha_5995.png,WRW2CH,6
captcha_6001.png,8F28FW,6
captcha_6002.png,D8F6HK,6
captcha_6003.png,7YK24N,6
captcha_6009.png,FMCXN6,6
captcha_6010.png,BBBPE7,6
captcha_6011.png,AK335W,6
captcha_6016.png,P54PAW,6
captcha_6017.png,BBBPET,6
captcha_6018.png,CX6N5M,6
captcha_6020.png,R372A3,6
captcha_6023.png,CCGF3F,6
captcha_6024.png,YPY2FE,6
captcha_6028.png,HDNK5B,6
captcha_6031.png,246Y3G,6
captcha_6032.png,WACDYA,6
captcha_6033.png,NDPEEF,6
captcha_6035.png,F87N6B,6
captcha_6038.png,Y23RRN,6
captcha_6040.png,AWP6D3,6
captcha_6043.png,MAW6GP,6
captcha_6045.png,Y5M3WA,6
captcha_6047.png,7W3KMM,6
captcha_6050.png,R24HM5,6
captcha_6051.png,HWPG6H,6
captcha_6052.png,7KF6DC,6
captcha_6053.png,MFFA3X,6
captcha_6054.png,RB2638,6
captcha_6055.png,43H8FK,6
captcha_6056.png,PYYE8N,6
captcha_6057.png,HRF2BG,6
captcha_6058.png,N4527G,6
captcha_6059.png,BYGFCN,6
captcha_6060.png,F5BY8K,6
captcha_6061.png,PD5WAC,6
captcha_6062.png,RK4AHK,6
captcha_6063.png,P7RYMB,6
captcha_6064.png,7D576N,6
captcha_6065.png,2M4YGC,6
captcha_6068.png,X3ACNY,6
captcha_6071.png,8GYMCK,6
captcha_6074.png,E5AGW6,6
captcha_6078.png,R6G36E,6
captcha_6079.png,K4NCW2,6
captcha_6080.png,75AMA2,6
captcha_6081.png,MXNARE,6
captcha_6082.png,K5CC58,6
captcha_6083.png,G38CKH,6
captcha_6085.png,PX23MY,6
captcha_6087.png,5KNXGA,6
captcha_6088.png,D6WK32,6
captcha_6091.png,PW3E62,6
captcha_6092.png,6X7A87,6
captcha_6093.png,GBWHP6,6
captcha_6094.png,WM5M2B,6
captcha_6100.png,YW7A7P,6
captcha_6101.png,4KYHD8,6
captcha_6105.png,3BPFMG,6
captcha_6107.png,MGFP4C,6
captcha_6110.png,D88HW6,6
captcha_6111.png,25PPMC,6
captcha_6112.png,M7R372,6
captcha_6115.png,GB5B8W,6
captcha_6116.png,AHZYAD,6
captcha_6117.png,X36A7A,6
captcha_6118.png,4DRR5P,6
captcha_6121.png,X7HE75,6
captcha_6122.png,33PBCH,6
captcha_6123.png,F6DR8W,6
captcha_6124.png,NF48KB,6
captcha_6127.png,7E5HYW,6
captcha_6130.png,22RCGD,6
captcha_6132.png,CR7REC,6
captcha_6134.png,7B5H76,6
captcha_6135.png,388DH6,6
captcha_6136.png,PKXR2E,6
captcha_6137.png,2BY524,6
captcha_6138.png,BPB57X,6
captcha_6139.png,KCEMKC,6
captcha_6140.png,CH3CK8,6
captcha_6141.png,P4AMB6,6
captcha_6142.png,MENE7R,6
captcha_6143.png,B4YG42,6
captcha_6145.png,WERXBC,6
captcha_6146.png,64RCDB,6
captcha_6147.png,NNP52C,6
captcha_6148.png,4NH3NM,6
captcha_6151.png,5RNC5B,6
captcha_6152.png,GRH6RD,6
captcha_6153.png,FN2WFY,6
captcha_6154.png,FEX4ED,6
captcha_6155.png,MPD8C7,6
captcha_6156.png,DY6WDK,6
captcha_6157.png,CHN2X8,6
captcha_6158.png,WGKF3D,6
captcha_6159.png,WHCM7N,6
captcha_6160.png,MNDX32,6
captcha_6161.png,MCMG8G,6
captcha_6162.png,NFGD77,6
captcha_6163.png,MA5CME,6
captcha_6164.png,68M8X5,6
captcha_6165.png,WY7W3C,6
captcha_6166.png,DEF6FM,6
captcha_6167.png,KP3HNX,6
captcha_6168.png,28HCX7,6
captcha_6169.png,AXY76X,6
captcha_6170.png,68CFY3,6
captcha_6172.png,AWY2GY,6
captcha_6173.png,XGARYP,6
captcha_6174.png,GAPB6A,6
captcha_6175.png,W77A7W,6
captcha_6177.png,4RDDC3,6
captcha_6178.png,NHCY58,6
captcha_6179.png,FDMXAR,6
captcha_6180.png,BMBHND,6
captcha_6181.png,EPBN7N,6
captcha_6182.png,AADKAP,6
captcha_6184.png,M5F7NM,6
captcha_6185.png,FDN2MB,6
captcha_6187.png,6XW6PD,6
captcha_6188.png,8YB8W3,6
captcha_6189.png,NWACD6,6
captcha_6190.png,WC4C2E,6
captcha_6191.png,FHEK48,6
captcha_6192.png,D5X4R3,6
captcha_6193.png,K2K7F6,6
captcha_6194.png,4Y6KKB,6
captcha_6195.png,H4EDYF,6
captcha_6196.png,R6ERAN,6
captcha_6197.png,DM53FE,6
captcha_6198.png,C2YEH6,6
captcha_6199.png,E8HWWN,6
captcha_6200.png,NA73DD,6
captcha_6201.png,XK8RMD,6
captcha_6202.png,PH84D6,6
captcha_6203.png,3XAXRF,6
captcha_6204.png,M53P8G,6
captcha_6205.png,2CH2FW,6
captcha_6206.png,E22CPW,6
captcha_6207.png,Y66G42,6
captcha_6209.png,A53XK2,6
captcha_6211.png,BHBMXF,6
captcha_6214.png,RANCHF,6
captcha_6216.png,YHCGGM,6
captcha_6220.png,Y2A7FA,6
captcha_6221.png,7D6ABE,6
captcha_6222.png,RCG2F6,6
captcha_6225.png,AYGEF5,6
captcha_6226.png,PPY75N,6
captcha_6230.png,4PGECB,6
captcha_6231.png,48HWDR,6
captcha_6234.png,RYWWFW,6
captcha_6235.png,C5DY7R,6
captcha_6237.png,G8CBNH,6
captcha_6240.png,RCWNRP,6
captcha_6241.png,25F3CE,6
captcha_6244.png,4KYE5N,6
captcha_6246.png,AGP3PP,6
captcha_6250.png,H4D7YE,6
captcha_6251.png,RF58NW,6
captcha_6253.png,MW5WNR,6
captcha_6254.png,H2MYK4,6
captcha_6256.png,WCR45M,6
captcha_6257.png,Y22RMY,6
captcha_6259.png,MWDGY5,6
captcha_6264.png,6KGGFP,6
captcha_6267.png,WBC4KP,6
captcha_6270.png,G78E3M,6
captcha_6273.png,G5AKXR,6
captcha_6274.png,XMG38X,6
captcha_6275.png,YKG6YH,6
captcha_6278.png,G6A7DH,6
captcha_6279.png,NFF38Y,6
captcha_6280.png,72GFBG,6
captcha_6281.png,73BHHW,6
captcha_6282.png,PXCCRA,6
captcha_6284.png,5P64X2,6
captcha_6286.png,MC2PN5,6
captcha_6289.png,7G8K6Y,6
captcha_6290.png,BY2ABW,6
captcha_6291.png,7XBEEF,6
captcha_6292.png,X6B6XH,6
captcha_6293.png,F2WGPE,6
captcha_6295.png,FHKH3E,6
captcha_6296.png,G6C7H3,6
captcha_6297.png,FPXMY5,6
