image,captcha_value
captcha_4921.png,Y4MGWA
captcha_4922.png,Y4MGWA
captcha_4923.png,Y4MGWA
captcha_4924.png,Y4MGWA
captcha_4925.png,A5FGKY
captcha_4926.png,7YGGDH
captcha_4927.png,DDC3NA
captcha_4928.png,DDC3NA
captcha_4929.png,WRM5B4
captcha_4930.png,WRM5B4
captcha_4931.png,K2YE6G
captcha_4932.png,K2YE6G
captcha_4933.png,DNAHPP
captcha_4934.png,K2YE6G
captcha_4935.png,PN4B7C
captcha_4936.png,YM2BN4
captcha_4937.png,H545D4
captcha_4938.png,8E3AXF
captcha_4939.png,H545D4
captcha_4940.png,25WREN
captcha_4941.png,NR5P2F
captcha_4942.png,H545D4
captcha_4943.png,2RBPP4
captcha_4944.png,CADCNY
captcha_4945.png,3F777F
captcha_4946.png,B52EMN
captcha_4947.png,3F777F
captcha_4948.png,B52EMN
captcha_4949.png,3F777F
captcha_4950.png,3FPWGP
captcha_4951.png,6ED2CW
captcha_4952.png,B52EMN
captcha_4953.png,RE5MDF
captcha_4954.png,3KYEXK
captcha_4955.png,5GPDW6
captcha_4956.png,ABF2W2
captcha_4957.png,2PX87H
captcha_4958.png,7EMHAF
captcha_4959.png,CY87PN
captcha_4960.png,2F4BFR
captcha_4961.png,726FNY
captcha_4962.png,726FNY
captcha_4963.png,726FNY
captcha_4964.png,NC2FD8
captcha_4965.png,NYNM42
captcha_4966.png,G5N7MH
captcha_4967.png,X2P6HG
captcha_4968.png,MD87BA
captcha_4969.png,G56M72
captcha_4970.png,G56M72
captcha_4971.png,CBDX63
captcha_4972.png,G56M72
captcha_4973.png,YF3NG5
captcha_4974.png,4FWG68
captcha_4975.png,3C3GBF
captcha_4976.png,234D3A
captcha_4977.png,Y4CB3W
captcha_4978.png,Y4CB3W
captcha_4979.png,Y4CB3W
captcha_4980.png,Y4CB3W
captcha_4981.png,XHBWY2
captcha_4982.png,F3HAP8
captcha_4983.png,F3HAP8
captcha_4984.png,2YW4KH
captcha_4985.png,2YW4KH
captcha_4986.png,G6NH47
captcha_4987.png,G6NH47
captcha_4988.png,8KB3P5
captcha_4989.png,G6NH47
captcha_4990.png,8KB3P5
captcha_4991.png,8KB3P5
captcha_4992.png,27YB8N
captcha_4993.png,M42M8C
captcha_4994.png,KXB4XW
captcha_4995.png,XRMA7P
captcha_4996.png,G3MF5W
captcha_4997.png,M8C2BB
captcha_4998.png,5BPREK
captcha_4999.png,5BPREK
captcha_5000.png,8YEFWM
captcha_5001.png,EYNC4P
captcha_5002.png,RYFBBY
captcha_5003.png,XMFM32
captcha_5004.png,R4YC63
captcha_5005.png,N8H823
captcha_5006.png,N8H823
captcha_5007.png,N8H823
captcha_5008.png,HRPBKA
captcha_5009.png,HRPBKA
captcha_5010.png,FEGDXR
captcha_5011.png,FEGDXR
captcha_5012.png,52Y2B7
captcha_5013.png,52Y2B7
captcha_5014.png,DB7MAM
captcha_5015.png,DB7MAM
captcha_5016.png,AHFRWA
captcha_5017.png,F6BXEC
captcha_5018.png,8CX2AB
captcha_5019.png,8CX2AB
captcha_5020.png,435PE4
captcha_5021.png,435PE4
captcha_5022.png,6X563B
captcha_5023.png,6X563B
captcha_5024.png,YAK52N
captcha_5025.png,WPCY7Y
captcha_5026.png,CFBPKK
captcha_5027.png,WF45KX
captcha_5028.png,43DA3M
captcha_5029.png,43DA3M
captcha_5030.png,B4782H
captcha_5031.png,7WAGRE
captcha_5032.png,7WAGRE
captcha_5033.png,E2B3RW
captcha_5034.png,N8445M
captcha_5035.png,G52DE3
captcha_5036.png,YDYM8W
captcha_5037.png,EYNK6X
captcha_5038.png,GMYWNW
captcha_5039.png,EYNK6X
captcha_5040.png,EYNK6X
captcha_5041.png,EYNK6X
captcha_5042.png,EYNK6X
captcha_5043.png,5RCRHR
captcha_5044.png,YWMP6C
captcha_5045.png,K5N6C3
captcha_5046.png,3GC73M
captcha_5047.png,CG4DDB
captcha_5048.png,A7AH2F
captcha_5049.png,RN7BCK
captcha_5050.png,E75NRX
captcha_5051.png,AW5DEK
captcha_5052.png,5B7NAN
captcha_5053.png,EKYR3W
captcha_5054.png,8DPREX
captcha_5055.png,8FBN4H
captcha_5056.png,YRA8EW
captcha_5057.png,CPR5CW
captcha_5058.png,GD6AAF
captcha_5059.png,RN7BCK
captcha_5060.png,AW5DEK
captcha_5061.png,EDAXY3
captcha_5062.png,A8HPPG
captcha_5063.png,MA7EB5
captcha_5064.png,FNCPYM
captcha_5065.png,PYPNRE
captcha_5066.png,64Y63D
captcha_5067.png,MA7EB5
captcha_5068.png,MA7EB5
captcha_5069.png,A8HPPG
captcha_5070.png,EDAXY3
captcha_5071.png,5PWC55
captcha_5072.png,NCDB44
captcha_5073.png,MA7EB5
captcha_5074.png,MA7EB5
captcha_5075.png,MA7EB5
captcha_5076.png,7RNG5R
captcha_5077.png,7RNG5R
captcha_5078.png,DB7BYP
captcha_5079.png,NCDB44
captcha_5080.png,NCDB44
captcha_5081.png,4FHN3Y
captcha_5082.png,X28MXH
captcha_5083.png,X28MXH
captcha_5084.png,X28MXH
captcha_5085.png,RENPNP
captcha_5086.png,X28MXH
captcha_5087.png,X28MXH
captcha_5088.png,RENPNP
captcha_5089.png,4FHN3Y
captcha_5090.png,G7N5PM
captcha_5091.png,KBXY8R
captcha_5092.png,G7N5PM
captcha_5093.png,KHFM53
captcha_5094.png,PWPNEP
captcha_5095.png,52FYMN
captcha_5096.png,FM5G4Y
captcha_5097.png,52FYMN
captcha_5098.png,EWGXG6
captcha_5099.png,YPMM4F
captcha_5100.png,2Y5FCM
captcha_5101.png,2Y5FCM
captcha_5102.png,432MWE
captcha_5103.png,2Y5FCM
captcha_5104.png,GC34HD
captcha_5105.png,GW5XMB
captcha_5106.png,3CN72D
captcha_5107.png,GC34HD
captcha_5108.png,GC34HD
captcha_5109.png,3CN72D
captcha_5110.png,566PFR
captcha_5111.png,7GY4BN
captcha_5112.png,KMYPN5
captcha_5113.png,23EDXM
captcha_5114.png,NDF8X8
captcha_5115.png,D33C27
captcha_5116.png,FMMFGN
captcha_5117.png,FMMFGN
captcha_5118.png,ANW7E4
captcha_5119.png,NDF8X8
captcha_5120.png,B7NKAF
captcha_5121.png,NDF8X8
captcha_5122.png,Y5G766
captcha_5123.png,XAG8HD
captcha_5124.png,B7NKAF
captcha_5125.png,AX43AF
captcha_5126.png,NEDECD
captcha_5127.png,RCX27K
captcha_5128.png,76YN8K
captcha_5129.png,BRM6GD
captcha_5130.png,3MY537
captcha_5131.png,G6E434
captcha_5132.png,ED87FY
captcha_5133.png,NK24YH
captcha_5134.png,5XCWF3
captcha_5135.png,673NHY
captcha_5136.png,EXCRA6
captcha_5137.png,8K4CDD
captcha_5138.png,FAFWDY
captcha_5139.png,E7CFAE
captcha_5140.png,5FE4CG
captcha_5141.png,5FE4CG
captcha_5142.png,5FE4CG
captcha_5143.png,YR2AAG
captcha_5144.png,M4FC6P
captcha_5145.png,6GBY7X
captcha_5146.png,YR2AAG
captcha_5147.png,YR2AAG
captcha_5148.png,A3C32M
captcha_5149.png,A3C32M
captcha_5150.png,583N7P
captcha_5151.png,A3C32M
captcha_5152.png,FCG6EM
captcha_5153.png,WN47AX
captcha_5154.png,WN47AX
captcha_5155.png,W4HRRW
captcha_5156.png,E6A7A5
captcha_5157.png,W4HRRW
captcha_5158.png,W4HRRW
captcha_5159.png,FBH5N6
captcha_5160.png,FBH5N6
captcha_5161.png,7MNWAD
captcha_5162.png,C4FAPR
captcha_5163.png,6A4XAM
captcha_5164.png,FRWEYH
captcha_5165.png,W363BG
captcha_5166.png,4GHYF8
captcha_5167.png,WHC72R
captcha_5168.png,N4PM47
captcha_5169.png,3B3CCF
captcha_5170.png,6PWFCW
captcha_5171.png,MMNDN5
captcha_5172.png,MMNDN5
captcha_5173.png,G32NFE
captcha_5174.png,G32NFE
captcha_5175.png,MMNDN5
captcha_5176.png,35PCP6
captcha_5177.png,PW67BG
captcha_5178.png,R5X888
captcha_5179.png,4NY3H5
captcha_5180.png,3GPAK8
captcha_5181.png,YY8KKP
captcha_5182.png,G64FPE
captcha_5183.png,3C5W64
captcha_5184.png,35K48D
captcha_5185.png,3DPB4X
captcha_5186.png,35K48D
captcha_5187.png,8NK8A5
captcha_5188.png,X245NF
captcha_5189.png,X245NF
captcha_5190.png,X245NF
captcha_5191.png,F7CBYD
captcha_5192.png,4FKMR2
captcha_5193.png,42H3FY
captcha_5194.png,F7CBYD
captcha_5195.png,X4GKHN
captcha_5196.png,4RWG2R
captcha_5197.png,X4GKHN
captcha_5198.png,2HNN38
captcha_5199.png,N2F2R4
captcha_5200.png,CE7MDA
captcha_5201.png,M4YHWX
captcha_5202.png,534YYW
captcha_5203.png,GNEPK4
captcha_5204.png,X4GKHN
captcha_5205.png,HE4ACD
captcha_5206.png,PEF6NW
captcha_5207.png,D74HBY
captcha_5208.png,5K23R7
captcha_5209.png,3KCFN4
captcha_5210.png,3KCFN4
captcha_5211.png,3KCFN4
captcha_5212.png,CRK7EN
captcha_5213.png,CRK7EN
captcha_5214.png,HE4ACD
captcha_5215.png,GGDYXW
captcha_5216.png,ECFYP
captcha_5217.png,GGDYXW
captcha_5218.png,ECFYP
captcha_5219.png,ECFYP
captcha_5220.png,FPBNFD
captcha_5221.png,GGDYXW
captcha_5222.png,EH2D3P
captcha_5223.png,M84E2G
captcha_5224.png,EH2D3P
captcha_5225.png,EH2D3P
captcha_5226.png,DYHP86
captcha_5227.png,24PPHK
captcha_5228.png,DYHP86
captcha_5229.png,G6824H
captcha_5230.png,DMCPBN
captcha_5231.png,DMCPBN
captcha_5232.png,DMCPBN
captcha_5233.png,5FBCMG
captcha_5234.png,7M5AGY
captcha_5235.png,CA8YWZ
captcha_5236.png,NR764F
captcha_5237.png,DCMNW3
captcha_5238.png,453GRH
captcha_5239.png,F2WH5E
captcha_5240.png,GNNAW6
captcha_5241.png,F2WH5E
captcha_5242.png,54F7CP
captcha_5243.png,YWG3FB
captcha_5244.png,54F7CP
captcha_5245.png,54F7CP
captcha_5246.png,54F7CP
captcha_5247.png,CK8FBE
captcha_5248.png,D7CRY2
captcha_5249.png,53EX26
captcha_5250.png,PRDR3R
captcha_5251.png,WADRWG
captcha_5252.png,28Y5C5
captcha_5253.png,44CA4E
captcha_5254.png,28Y5C5
captcha_5255.png,53EX26
captcha_5256.png,D2A3PB
captcha_5257.png,D2A3PB
captcha_5258.png,NHK6XG
captcha_5259.png,NHK6XG
captcha_5260.png,D2A3PB
captcha_5261.png,D2A3PB
captcha_5262.png,53EX26
captcha_5263.png,FRFAA2
captcha_5264.png,GX8KXK
captcha_5265.png,FRFAA2
captcha_5266.png,FRFAA2
captcha_5267.png,53EX26
captcha_5268.png,KX6PP6
captcha_5269.png,B2RY37
captcha_5270.png,RNPKDB
captcha_5271.png,E4XPYN
captcha_5272.png,B2RY37
captcha_5273.png,B2RY37
captcha_5274.png,B2RY37
captcha_5275.png,YEW87X
captcha_5276.png,X523C6
captcha_5277.png,X523C6
captcha_5278.png,X523C6
captcha_5279.png,H2A2BA
captcha_5280.png,8GXMMG
captcha_5281.png,H7KCR2
captcha_5282.png,7KPN36
captcha_5283.png,DA66R5
captcha_5284.png,DA66R5
captcha_5285.png,NMEDHG
captcha_5286.png,NMEDHG
captcha_5287.png,7RYK3K
captcha_5288.png,7RYK3K
captcha_5289.png,GPRP3M
captcha_5290.png,GPRP3M
captcha_5291.png,MNY3B7
captcha_5292.png,Y5ENP8
captcha_5293.png,3PKBDR
captcha_5294.png,CP8AGH
captcha_5295.png,DA66R5
captcha_5296.png,EKH63R
captcha_5297.png,8XB2EC
captcha_5298.png,7RYK3K
captcha_5299.png,NMEDHG
captcha_5300.png,DA66R5
captcha_5301.png,7RYK3K
captcha_5302.png,NMEDHG
captcha_5303.png,YMPNX8
captcha_5304.png,4RYANP
captcha_5305.png,7RYK3K
captcha_5306.png,YMPNX8
captcha_5307.png,4RYANP
captcha_5308.png,22BD4F
captcha_5309.png,WR7R4R
captcha_5310.png,YMPNX8
captcha_5311.png,4RYANP
captcha_5312.png,8MCX7K
captcha_5313.png,AHHYMA
captcha_5314.png,8MCX7K
captcha_5315.png,AHHYMA
captcha_5316.png,8MCX7K
captcha_5317.png,AHHYMA
captcha_5318.png,P6HYXP
captcha_5319.png,A5K772
captcha_5320.png,78AH4Y
captcha_5321.png,P6HYXP
captcha_5322.png,P6HYXP
captcha_5323.png,2KRW4N
captcha_5324.png,2KRW4N
captcha_5325.png,2KRW4N
captcha_5326.png,7MG8D2
captcha_5327.png,7MG8D2
captcha_5328.png,7MG8D2
captcha_5329.png,GA2WR6
captcha_5330.png,RCKGGB
captcha_5331.png,DBBP66
captcha_5332.png,DBBP66
captcha_5333.png,DBBP66
captcha_5334.png,FEHXXE
captcha_5335.png,FEHXXE
captcha_5336.png,FEHXXE
captcha_5337.png,2HECYH
captcha_5338.png,2HECYH
captcha_5339.png,2HECYH
captcha_5340.png,RK6FYR
captcha_5341.png,R76B4M
captcha_5342.png,CCG4MC
captcha_5343.png,RK6FYR
captcha_5344.png,RK6FYR
captcha_5345.png,RK6FYR
captcha_5346.png,RK6FYR
captcha_5347.png,DX6EDW
captcha_5348.png,YNPP8M
captcha_5349.png,GFBAHA
captcha_5350.png,3D67R6
captcha_5351.png,3D67R6
captcha_5352.png,3D67R6
captcha_5353.png,3D67R6
captcha_5354.png,4H6KYA
captcha_5355.png,3D67R6
captcha_5356.png,BM78YW
captcha_5357.png,8YXYDB
captcha_5358.png,6KKBNF
captcha_5359.png,BGB78M
captcha_5360.png,BGB78M
captcha_5361.png,BDEA2G
captcha_5362.png,BDEA2G
captcha_5363.png,EB4YBP
captcha_5364.png,BE3F8K
captcha_5365.png,X6R2BH
captcha_5366.png,64BM8H
captcha_5367.png,X6R2BH
captcha_5368.png,P3K3P6
captcha_5369.png,EDBRWD
captcha_5370.png,WEKW6N
captcha_5371.png,PPYXB5
captcha_5372.png,3K3H86
captcha_5373.png,557CWX
captcha_5374.png,GRB2KM
captcha_5375.png,PCDN6P
captcha_5376.png,XEXKCA
captcha_5377.png,XEXKCA
captcha_5378.png,GRB2KM
captcha_5379.png,PMPX8G
captcha_5380.png,PMPX8G
captcha_5381.png,EX3C8A
captcha_5382.png,E8KDG5
captcha_5383.png,6MFPG R
captcha_5384.png,4MH5A7
captcha_5385.png,E8KDG5
captcha_5386.png,E8KDG5
captcha_5387.png,6BH668
captcha_5388.png,YRX5D4
captcha_5389.png,WYW52M
captcha_5390.png,YCPYD2
captcha_5391.png,5H853A
captcha_5392.png,7P3FN5
captcha_5393.png,B6HPXK
captcha_5394.png,7P3FN5
captcha_5395.png,GRKN6F
captcha_5396.png,B6HPXK
captcha_5397.png,RWW4YR
captcha_5398.png,GRKN6F
captcha_5399.png,WWGPYY
captcha_5400.png,RWW4YR
captcha_5401.png,G7XG88
captcha_5402.png,GRKN6F
captcha_5403.png,MCY2FD
captcha_5404.png,YHDMN8
captcha_5405.png,84358B
captcha_5406.png,5Y6P3D
captcha_5407.png,GRKN6F
captcha_5408.png,F7GYCE
captcha_5409.png,GRKN6F
captcha_5410.png,GRKN6F
captcha_5411.png,2NEACX
captcha_5412.png,575FF5
captcha_5413.png,6B8HDY
captcha_5414.png,56WNPY
captcha_5415.png,2YX433
captcha_5416.png,X3RFYA
captcha_5417.png,2YX433
captcha_5418.png,KD8B46
captcha_5419.png,6DHPR8
captcha_5420.png,Y83KM7
captcha_5421.png,EER2MW
captcha_5422.png,BE5HMC
captcha_5423.png,NKD7W7
captcha_5424.png,RFCEGE
captcha_5425.png,BR25MX
captcha_5426.png,W4KWND
captcha_5427.png,8EF7N8
captcha_5428.png,EKD473
captcha_5429.png,M8W85R
captcha_5430.png,5588C5
captcha_5431.png,EYDX77
captcha_5432.png,Y463R3
captcha_5433.png,DXBXWK
captcha_5434.png,PGPN2X
captcha_5435.png,GC6MWV6
captcha_5436.png,5PY6NH
captcha_5437.png,D4EMK2
captcha_5438.png,5PY6NH
captcha_5439.png,GRXME7
captcha_5440.png,BYCBFX
captcha_5441.png,F2RAXN
captcha_5442.png,DDKPWX
captcha_5443.png,3P836B
captcha_5444.png,4AKH3W
captcha_5445.png,NY5WEY
captcha_5446.png,R657M5
captcha_5447.png,2N288E
captcha_5448.png,NA2B7Y
captcha_5449.png,H4X3MM
captcha_5450.png,D3HE2E
captcha_5451.png,CW8E3Y
captcha_5452.png,WE5FA
captcha_5453.png,WE5FA
captcha_5454.png,WE5EFA
captcha_5455.png,XH5HBX
captcha_5456.png,X3XMFF
captcha_5457.png,3RGKYF
captcha_5458.png,HDYGPF
captcha_5459.png,FH4K5E
captcha_5460.png,MMR343
captcha_5461.png,H8ADCD
captcha_5462.png,35F427
captcha_5463.png,R6FMA7
captcha_5464.png,YNYRA3
captcha_5465.png,5YC4F5
captcha_5466.png,RNDWPY
captcha_5467.png,6B4B6C
captcha_5468.png,F3M844
captcha_5469.png,WP8G8D
captcha_5470.png,8MA76E
captcha_5471.png,RYKG7M
captcha_5472.png,D6HDY5
captcha_5473.png,RNDWPY
captcha_5474.png,MMK5EY
captcha_5475.png,E3AYFC
captcha_5476.png,5EPKR6
captcha_5477.png,F3HMMY
captcha_5478.png,HPYMCG
captcha_5479.png,B4EXB2
captcha_5480.png,N8H8BF
captcha_5481.png,W85NWK
captcha_5482.png,B85CDD
captcha_5483.png,WP6BRD
captcha_5484.png,FYYY8M
captcha_5485.png,CYFM8D
captcha_5486.png,D4EHH6
captcha_5487.png,WK5P7R
captcha_5488.png,7FYP7X
captcha_5489.png,WME83X
captcha_5490.png,PP4WCP
captcha_5491.png,PP4WCP
captcha_5492.png,CCYAH4
captcha_5493.png,NCD3DN
captcha_5494.png,XFA7DC
captcha_5495.png,D4E38E
captcha_5496.png,YYBX4A
captcha_5497.png,CFRF57
captcha_5498.png,PNX726
captcha_5499.png,CCWNHG
captcha_5500.png,DGXBCW
captcha_5501.png,3557G3
captcha_5502.png,5GEP2C
captcha_5503.png,PACX6H
captcha_5504.png,MGDG4H
captcha_5505.png,7FRC7P
captcha_5506.png,KRPKCC
captcha_5507.png,NGDG72
captcha_5508.png,KHCG4C
captcha_5509.png,F3EWK6
captcha_5510.png,R66ENW
captcha_5511.png,DH2Y24
captcha_5512.png,NCX3Y3
captcha_5513.png,B8EXMC
captcha_5514.png,YX8FPH
captcha_5515.png,KK3AN4
captcha_5516.png,HEPE2A
captcha_5517.png,DFC2PD
captcha_5518.png,D5E726
captcha_5519.png,DF4GXY
captcha_5520.png,DF4GXY
captcha_5521.png,DF4GXY
captcha_5522.png,G6BBNF
captcha_5523.png,WCR2KY
captcha_5524.png,7N6EKG
captcha_5525.png,PCC76M
captcha_5526.png,XWPP2X
captcha_5527.png,3RM8H7
captcha_5528.png,3RM8H7
captcha_5529.png,3RM8H7
captcha_5530.png,6MNBY4
captcha_5531.png,6MNBY4
captcha_5532.png,6MNBY4
captcha_5533.png,85554A
captcha_5534.png,85554A
captcha_5535.png,6N3R86
captcha_5536.png,F3283R
captcha_5537.png,85554A
captcha_5538.png,5M8BX2
captcha_5539.png,5M8BX2
captcha_5540.png,5M8BX2
captcha_5541.png,4HC3AA
captcha_5542.png,CP53GY
captcha_5543.png,FCGKXM
captcha_5544.png,ED4RE7
captcha_5545.png,6HPP5N
captcha_5546.png,M5RB2E
captcha_5547.png,G7326G
captcha_5548.png,XYR5MR
captcha_5549.png,M5RB2E
captcha_5550.png,EE8FCR
captcha_5551.png,7F7838
captcha_5552.png,M5RB2E
captcha_5553.png,B5GC7F
captcha_5554.png,6PGBAW
captcha_5555.png,44CAGX
captcha_5556.png,6PGBAW
captcha_5557.png,G85KG6
captcha_5558.png,NNAE4M
captcha_5559.png,6PGBAW
captcha_5560.png,YNFCHE
captcha_5561.png,CC7KA2
captcha_5562.png,F2MEG3
captcha_5563.png,YNFCHE
captcha_5564.png,87G8EC
captcha_5565.png,RCWWGG
captcha_5566.png,YNFCHE
captcha_5567.png,EAMMBB
captcha_5568.png,7HX3AM
captcha_5569.png,ENYRW3
captcha_5570.png,7HX3AM
captcha_5571.png,EAMMBB
captcha_5572.png,ENYRW3
captcha_5573.png,EAMMBB
captcha_5574.png,7HX3AM
captcha_5575.png,CW2WAF
captcha_5576.png,CAA8XM
captcha_5577.png,NDRA2P
captcha_5578.png,ENYRW3
captcha_5579.png,7G2KB5
captcha_5580.png,CAA8XM
captcha_5581.png,XAK2DA
captcha_5582.png,CM3BN2
captcha_5583.png,7G2KB5
captcha_5584.png,CAA8XM
captcha_5585.png,RA6HM7
captcha_5586.png,F8R5BN
captcha_5587.png,YDNHFN
captcha_5588.png,7G2KB5
captcha_5589.png,F5GDNX
captcha_5590.png,F5GDNX
captcha_5591.png,G6DHBP
captcha_5592.png,BPK2K3
captcha_5593.png,4PF3HW
captcha_5594.png,KD5WMW
captcha_5595.png,FCCNCB
captcha_5596.png,6EBM2F
captcha_5597.png,H5FAC4
captcha_5598.png,2NMF5F
captcha_5599.png,PBKCPP
captcha_5600.png,WECA2P
captcha_5601.png,HNNYXN
captcha_5602.png,WECA2P
captcha_5603.png,WECA2P
captcha_5604.png,DAXHFY
captcha_5605.png,DAXHFY
captcha_5606.png,P7PEM2
captcha_5607.png,FRM52H
captcha_5608.png,Y773YB
captcha_5609.png,EFG8FM
captcha_5610.png,EXY4XW
captcha_5611.png,NAK3M7
captcha_5612.png,34NYRG
captcha_5613.png,RXEAMP
captcha_5614.png,YXPGWE
captcha_5615.png,P7KF54
captcha_5616.png,W3FFRR
captcha_5617.png,PHGY2M
captcha_5618.png,AYBHXP
captcha_5619.png,666NGH
captcha_5620.png,X277B6
captcha_5621.png,A5HFH4
captcha_5622.png,DNY5GB
captcha_5623.png,HPW5FM
captcha_5624.png,2E8NHR
captcha_5625.png,RYN6CH
captcha_5626.png,4463P5
captcha_5627.png,2PHGMY
captcha_5628.png,8GPG2P
captcha_5629.png,7RF5HR
captcha_5630.png,MYWWEN
captcha_5631.png,DR7A4Y
captcha_5632.png,A462AM
captcha_5633.png,HKX7RW
captcha_5634.png,HAD3PW
captcha_5635.png,2PHGMY
captcha_5636.png,3RA6FW
captcha_5637.png,FCMM8W
captcha_5638.png,5GP24H
captcha_5639.png,DGM53Y
captcha_5640.png,P7BRMK
captcha_5641.png,6EP458
captcha_5642.png,P7BRMK
captcha_5643.png,2FMR5A
captcha_5644.png,D66N83
captcha_5645.png,AB8RCN
captcha_5646.png,PR5HB4
captcha_5647.png,74YBYR
captcha_5648.png,D66N83
captcha_5649.png,BAGW5W
captcha_5650.png,6FNCF4
captcha_5651.png,2FMR5A
captcha_5652.png,WBRFK5
captcha_5653.png,KXADX4
captcha_5654.png,H8AK8N
captcha_5655.png,APXEHD
captcha_5656.png,74NB5P
captcha_5657.png,2EFHYR
captcha_5658.png,G8CN24
captcha_5659.png,2F2CDW
captcha_5660.png,GBEB43
captcha_5661.png,MBW8FE
captcha_5662.png,MBW8FE
captcha_5663.png,ARM5HC
captcha_5664.png,ARM5HC
captcha_5665.png,774XCK
captcha_5666.png,774XCK
captcha_5667.png,W585YB
captcha_5668.png,W585YB
captcha_5669.png,MBW8FE
captcha_5670.png,ARM5HC
captcha_5671.png,WP8KDM
captcha_5672.png,WP8KDM
captcha_5673.png,ARM5HC
captcha_5674.png,ARM5HC
captcha_5675.png,WP8KDM
captcha_5676.png,4FKDCK
captcha_5677.png,WP8KDM
captcha_5678.png,F3PNKX
captcha_5679.png,4FKDCK
captcha_5680.png,F3PNKX
captcha_5681.png,4FKDCK
captcha_5682.png,D7BDFF
captcha_5683.png,F3PNKX
captcha_5684.png,H3AABW
captcha_5685.png,D7BDFF
captcha_5686.png,H3AABW
captcha_5687.png,D7BDFF
captcha_5688.png,NGW5FP
captcha_5689.png,H3AABW
captcha_5690.png,XEBY3A
captcha_5691.png,NGW5FP
captcha_5692.png,FGWCW
captcha_5693.png,XEBY3A
captcha_5694.png,88BG43
captcha_5695.png,NGW5FP
captcha_5696.png,XEBY3A
captcha_5697.png,NGW5FP
captcha_5698.png,AX8YFA
captcha_5699.png,6YRY2W
captcha_5700.png,XEBY3A
captcha_5701.png,8X6WB4
captcha_5702.png,PHNN7H
captcha_5703.png,YEGF4H
captcha_5704.png,8X6WB4
captcha_5705.png,8X6WB4
captcha_5706.png,4RWN8D
captcha_5707.png,4RWN8D
captcha_5708.png,4RWN8D
captcha_5709.png,EEHFBA
captcha_5710.png,WMAKHR
captcha_5711.png,A26EP6
captcha_5712.png,CCG8HA
captcha_5713.png,3AA5DB
captcha_5714.png,8ERHDG
captcha_5715.png,EEHFBA
captcha_5716.png,C45FMF
captcha_5717.png,EEHFBA
captcha_5718.png,PWWPEB
captcha_5719.png,WRHD3B
captcha_5720.png,YN8HYF
captcha_5721.png,P3W6MC
captcha_5722.png,YN8HYF
captcha_5723.png,YN8HYF
captcha_5724.png,BPXDXD
captcha_5725.png,RKMEHH
captcha_5726.png,YN8HYF
captcha_5727.png,3A3G64
captcha_5728.png,CXAHYF
captcha_5729.png,3A3G64
captcha_5730.png,3A3G64
captcha_5731.png,3A3G64
captcha_5732.png,H88RFP
captcha_5733.png,8N58AM
captcha_5734.png,7MCYG8
captcha_5735.png,XAEPFD
captcha_5736.png,7FFKG3
captcha_5737.png,KDAHXD
captcha_5738.png,5M8M53
captcha_5739.png,MPHRH5
captcha_5740.png,2G8CXK
captcha_5741.png,CPYD2A
captcha_5742.png,YKHFN5
captcha_5743.png,CC4KWK
captcha_5744.png,GP3B72
captcha_5745.png,6AAKP6
captcha_5746.png,E46ANP
captcha_5747.png,2GP4AB
captcha_5748.png,23B24P
captcha_5749.png,N372DD
captcha_5750.png,P74CBN
captcha_5751.png,KY82B8
captcha_5752.png,B8GFKK
captcha_5753.png,CPYDWA
captcha_5754.png,W5FFPW
captcha_5755.png,CPYDWA
captcha_5756.png,RCNPFB
captcha_5757.png,KRNECK
captcha_5758.png,CPYDWA
captcha_5759.png,4CC5AC
captcha_5760.png,XB6NK
captcha_5761.png,4CC5AC
captcha_5762.png,74X8D4
captcha_5763.png,3K667G
captcha_5764.png,4CC5AC
captcha_5765.png,M376CG
captcha_5766.png,DEE6YE
captcha_5767.png,4CC5AC
captcha_5768.png,WYB573
captcha_5769.png,PEGNGA
captcha_5770.png,N6GKYE
captcha_5771.png,WYB573
captcha_5772.png,MNDN7E
captcha_5773.png,F6CNX8
captcha_5774.png,WYB573
captcha_5775.png,WYB573
captcha_5776.png,Y24H74
captcha_5777.png,E6Y3BR
captcha_5778.png,A5C2D2
captcha_5779.png,3F2H66
captcha_5780.png,ND84FH
captcha_5781.png,DHEANM
captcha_5782.png,MEPDCN
captcha_5783.png,XAXKYB
captcha_5784.png,YPA64W
captcha_5785.png,3B8YDK
captcha_5786.png,N8FM8R
captcha_5787.png,YEH6EN
captcha_5788.png,W5Y8EW
captcha_5789.png,B782R4
captcha_5790.png,4BX425
captcha_5791.png,KB578B
captcha_5792.png,2E4Y5N
captcha_5793.png,BHG4FF
captcha_5794.png,AAR433
captcha_5795.png,AAR433
captcha_5796.png,AAR433
captcha_5797.png,AAR433
captcha_5798.png,FG8FCR
captcha_5799.png,AAR433
captcha_5800.png,P5KXAM
captcha_5801.png,EPBCBG
captcha_5802.png,YXGMKB
captcha_5803.png,WH7N5Y
captcha_5804.png,YXGMKB
captcha_5805.png,YXGMKB
captcha_5806.png,AR4AAK
captcha_5807.png,EMRY4C
captcha_5808.png,YXGMKB
captcha_5809.png,D28CE3
captcha_5810.png,XR3CXD
captcha_5811.png,2BFYW3
captcha_5812.png,2YR3HA
captcha_5813.png,AA75XE
captcha_5814.png,4RB725
captcha_5815.png,K6PBGC
captcha_5816.png,R732DD
captcha_5817.png,46XKKN
captcha_5818.png,5Y6XDX
captcha_5819.png,GXCM88
captcha_5820.png,3XR3ED
captcha_5821.png,GXCM88
captcha_5822.png,K3G3HP
captcha_5823.png,X6N7E8
captcha_5824.png,XYKHEH
captcha_5825.png,WCMR6E
captcha_5826.png,K22CKD
captcha_5827.png,MHCR3B
captcha_5828.png,744MEE
captcha_5829.png,XFBE4E
captcha_5830.png,K7Y6E7
captcha_5831.png,XFBE4E
captcha_5832.png,DNCXM5
captcha_5833.png,GW55P3
captcha_5834.png,XFBE4E
captcha_5835.png,3MFF3R
captcha_5836.png,Y45GHG
captcha_5837.png,XFBE4E
captcha_5838.png,D6AP32
captcha_5839.png,X2GD6M
captcha_5840.png,5GHND3
captcha_5841.png,D6AP32
captcha_5842.png,D6AP32
captcha_5843.png,XEPAB5
captcha_5844.png,Y467D3
captcha_5845.png,4P67HX
captcha_5846.png,YRGYYX
captcha_5847.png,3RWX7Y
captcha_5848.png,4P67HX
captcha_5849.png,H8PKDR
captcha_5850.png,4HKW26
captcha_5851.png,4P67HX
captcha_5852.png,KKKF74
captcha_5853.png,4MWM3W
captcha_5854.png,6BHN7N
captcha_5855.png,6BHN7N
captcha_5856.png,3P68YC
captcha_5857.png,6BHN7N
captcha_5858.png,3P68YC
captcha_5859.png,P7AX4B
captcha_5860.png,3P68YC
captcha_5861.png,P7AX4B
captcha_5862.png,MNGA7P
captcha_5863.png,KP58PG
captcha_5864.png,P7AX4B
captcha_5865.png,4FDD67
captcha_5866.png,CGAYAC
captcha_5867.png,G6R3PG
captcha_5868.png,4FDD67
captcha_5869.png,723XKN
captcha_5870.png,FXMB7H
captcha_5871.png,4FDD67
captcha_5872.png,WDGCGE
captcha_5873.png,H5BRXW
captcha_5874.png,355GHK
captcha_5875.png,WYHG26
captcha_5876.png,WDGCGE
captcha_5877.png,7M3W36
captcha_5878.png,4CACK3
captcha_5879.png,WDGCGE
captcha_5880.png,EHX44H
captcha_5881.png,F8NPBA
captcha_5882.png,DPEH77
captcha_5883.png,EHX44H
captcha_5884.png,KF4HNX
captcha_5885.png,67XCPR
captcha_5886.png,EHX44H
captcha_5887.png,P57NBE
captcha_5888.png,WBPYEF
captcha_5889.png,W72AMM
captcha_5890.png,P57NBE
captcha_5891.png,P57NBE
captcha_5892.png,7R3DN4
captcha_5893.png,KK6XH7
captcha_5894.png,HXFDNW
captcha_5895.png,NRHHPY
captcha_5896.png,EBXDWM
captcha_5897.png,HXFDNW
captcha_5898.png,HXFDNW
captcha_5899.png,FPG4M4
captcha_5900.png,W5YCCA
captcha_5901.png,KK3GBF
captcha_5902.png,63A846
captcha_5903.png,KK3GBF
captcha_5904.png,X6W6X3
captcha_5905.png,3N5DME
captcha_5906.png,CFKP4R
captcha_5907.png,7CHHEF
captcha_5908.png,CFKP4R
captcha_5909.png,HGA6AN
captcha_5910.png,K2HG7X
captcha_5911.png,CFKP4R
captcha_5912.png,EF4Y5W
captcha_5913.png,EF4Y5W
captcha_5914.png,R454P7
captcha_5915.png,B8GW6C
captcha_5916.png,KG4FG2
captcha_5917.png,M57KXK
captcha_5918.png,EF4Y5W
captcha_5919.png,2WHXEW
captcha_5920.png,2WHXEW
captcha_5921.png,KD67A8
captcha_5922.png,MFB67D
captcha_5923.png,2WHXEW
captcha_5924.png,ERW8DD
captcha_5925.png,HRND3C
captcha_5926.png,G252XC
captcha_5927.png,MN4CY2
captcha_5928.png,G252XC
captcha_5929.png,YP4E5D
captcha_5930.png,KCMD43
captcha_5931.png,G252XC
captcha_5932.png,6D2WAW
captcha_5933.png,RRMDX2
captcha_5934.png,RBNWGB
captcha_5935.png,6D2WAW
captcha_5936.png,X6Y834
captcha_5937.png,PXF5XG
captcha_5938.png,4C55HK
captcha_5939.png,6D2WAW
captcha_5940.png,X6Y834
captcha_5941.png,6D2WAW
captcha_5942.png,X6Y834
captcha_5943.png,C7PA4C
captcha_5944.png,MF4ABB
captcha_5945.png,R7MREB
captcha_5946.png,R7MREB
captcha_5947.png,R7MREB
captcha_5948.png,P7NGG2
captcha_5949.png,P7NGG2
captcha_5950.png,P7NGG2
captcha_5951.png,XA2MDX
captcha_5952.png,XA2MDX
captcha_5953.png,XA2MDX
captcha_5954.png,NEY7W4
captcha_5955.png,NEY7W4
captcha_5956.png,C75KHN
captcha_5957.png,NEY7W4
captcha_5958.png,2FB4X8
captcha_5959.png,2FB4X8
captcha_5960.png,2FB4X8
captcha_5961.png,P66D2P
captcha_5962.png,P66D2P
captcha_5963.png,P66D2P
captcha_5964.png,XAW3K7
captcha_5965.png,XAW3K7
captcha_5966.png,XAW3K7
captcha_5967.png,H3P2Y2
captcha_5968.png,H3P2Y2
captcha_5969.png,8GXM2B
captcha_5970.png,8DD3KM
captcha_5971.png,8DD3KM
captcha_5972.png,82R2PX
captcha_5973.png,82R2PX
captcha_5974.png,WXNCCF
captcha_5975.png,WXNCCF
captcha_5976.png,WC23D5
captcha_5977.png,WC23D5
captcha_5978.png,WXNCCF
captcha_5979.png,8DD3KM
captcha_5980.png,82R2PX
captcha_5981.png,WXNCCF
captcha_5982.png,8DD3KM
captcha_5983.png,82R2PX
captcha_5984.png,6EHDWA
captcha_5985.png,85YWGA
captcha_5986.png,WXNCCF
captcha_5987.png,7D3FYC
captcha_5988.png,AYHBHH
captcha_5989.png,7D3FYC
captcha_5990.png,BXPD5E
captcha_5991.png,7D3FYC
captcha_5992.png,DEKDW5
captcha_5993.png,7A6DWX
captcha_5994.png,3BY822
captcha_5995.png,WRW2CH
captcha_5996.png,3BY822
captcha_5997.png,7A6DWX
captcha_5998.png,3BY822
captcha_5999.png,7A6DWX
captcha_6000.png,3BY822
captcha_6001.png,8F28FW
captcha_6002.png,D8F6HK
captcha_6003.png,7YK24N
captcha_6004.png,D8F6HK
captcha_6005.png,8F28FW
captcha_6006.png,D8F6HK
captcha_6007.png,8F28FW
captcha_6008.png,D8F6HK
captcha_6009.png,FMCXN6
captcha_6010.png,BBBPE7
captcha_6011.png,AK335W
captcha_6012.png,BBBPE7
captcha_6013.png,FMCXN6
captcha_6014.png,BBBPE7
captcha_6015.png,FMCXN6
captcha_6016.png,P54PAW
captcha_6017.png,BBBPET
captcha_6018.png,CX6N5M
captcha_6019.png,CGF3F
captcha_6020.png,R372A3
captcha_6021.png,CX6N5M
captcha_6022.png,P54PAW
captcha_6023.png,CCGF3F
captcha_6024.png,YPY2FE
captcha_6025.png,CX6N5M
captcha_6026.png,CGF3F
captcha_6027.png,P54PAW
captcha_6028.png,HDNK5B
captcha_6029.png,CX6N5M
captcha_6030.png,CCGF3F
captcha_6031.png,246Y3G
captcha_6032.png,WACDYA
captcha_6033.png,NDPEEF
captcha_6034.png,246Y3G
captcha_6035.png,F87N6B
captcha_6036.png,NDPEEF
captcha_6037.png,HDNK5B
captcha_6038.png,Y23RRN
captcha_6039.png,Y23RRN
captcha_6040.png,AWP6D3
captcha_6041.png,AWP6D3
captcha_6042.png,Y23RRN
captcha_6043.png,MAW6GP
captcha_6044.png,MAW6GP
captcha_6045.png,Y5M3WA
captcha_6046.png,Y5M3WA
captcha_6047.png,7W3KMM
captcha_6048.png,7W3KMM
captcha_6049.png,Y23RRN
captcha_6050.png,R24HM5
captcha_6051.png,HWPG6H
captcha_6052.png,7KF6DC
captcha_6053.png,MFFA3X
captcha_6054.png,RB2638
captcha_6055.png,43H8FK
captcha_6056.png,PYYE8N
captcha_6057.png,HRF2BG
captcha_6058.png,N4527G
captcha_6059.png,BYGFCN
captcha_6060.png,F5BY8K
captcha_6061.png,PD5WAC
captcha_6062.png,RK4AHK
captcha_6063.png,P7RYMB
captcha_6064.png,7D576N
captcha_6065.png,2M4YGC
captcha_6066.png,PD5WAC
captcha_6067.png,PD5WAC
captcha_6068.png,X3ACNY
captcha_6069.png,X3ACNY
captcha_6070.png,X3ACNY
captcha_6071.png,8GYMCK
captcha_6072.png,8GYMCK
captcha_6073.png,8GYMCK
captcha_6074.png,E5AGW6
captcha_6075.png,E5AGW6
captcha_6076.png,E5AGW6
captcha_6077.png,E5AGW6
captcha_6078.png,R6G36E
captcha_6079.png,K4NCW2
captcha_6080.png,75AMA2
captcha_6081.png,MXNARE
captcha_6082.png,K5CC58
captcha_6083.png,G38CKH
captcha_6084.png,R6G36E
captcha_6085.png,PX23MY
captcha_6086.png,PX23MY
captcha_6087.png,5KNXGA
captcha_6088.png,D6WK32
captcha_6089.png,R6G36E
captcha_6090.png,D6WK32
captcha_6091.png,PW3E62
captcha_6092.png,6X7A87
captcha_6093.png,GBWHP6
captcha_6094.png,WM5M2B
captcha_6095.png,WM5M2B
captcha_6096.png,GBWHP6
captcha_6097.png,WM5M2B
captcha_6098.png,GBWHP6
captcha_6099.png,WM5M2B
captcha_6100.png,YW7A7P
captcha_6101.png,4KYHD8
captcha_6102.png,YW7A7P
captcha_6103.png,4KYHD8
captcha_6104.png,YW7A7P
captcha_6105.png,3BPFMG
captcha_6106.png,4KYHD8
captcha_6107.png,MGFP4C
captcha_6108.png,3BPFMG
captcha_6109.png,MGFP4C
captcha_6110.png,D88HW6
captcha_6111.png,25PPMC
captcha_6112.png,M7R372
captcha_6113.png,M7R372
captcha_6114.png,3BPFMG
captcha_6115.png,GB5B8W
captcha_6116.png,AHZYAD
captcha_6117.png,X36A7A
captcha_6118.png,4DRR5P
captcha_6119.png,4DRR5P
captcha_6120.png,4DRR5P
captcha_6121.png,X7HE75
captcha_6122.png,33PBCH
captcha_6123.png,F6DR8W
captcha_6124.png,NF48KB
captcha_6125.png,X7HE75
captcha_6126.png,X7HE75
captcha_6127.png,7E5HYW
captcha_6128.png,7E5HYW
captcha_6129.png,7E5HYW
captcha_6130.png,22RCGD
captcha_6131.png,22RCGD
captcha_6132.png,CR7REC
captcha_6133.png,CR7REC
captcha_6134.png,7B5H76
captcha_6135.png,388DH6
captcha_6136.png,PKXR2E
captcha_6137.png,2BY524
captcha_6138.png,BPB57X
captcha_6139.png,KCEMKC
captcha_6140.png,CH3CK8
captcha_6141.png,P4AMB6
captcha_6142.png,MENE7R
captcha_6143.png,B4YG42
captcha_6144.png,MENE7R
captcha_6145.png,WERXBC
captcha_6146.png,64RCDB
captcha_6147.png,NNP52C
captcha_6148.png,4NH3NM
captcha_6149.png,MENE7R
captcha_6150.png,MENE7R
captcha_6151.png,5RNC5B
captcha_6152.png,GRH6RD
captcha_6153.png,FN2WFY
captcha_6154.png,FEX4ED
captcha_6155.png,MPD8C7
captcha_6156.png,DY6WDK
captcha_6157.png,CHN2X8
captcha_6158.png,WGKF3D
captcha_6159.png,WHCM7N
captcha_6160.png,MNDX32
captcha_6161.png,MCMG8G
captcha_6162.png,NFGD77
captcha_6163.png,MA5CME
captcha_6164.png,68M8X5
captcha_6165.png,WY7W3C
captcha_6166.png,DEF6FM
captcha_6167.png,KP3HNX
captcha_6168.png,28HCX7
captcha_6169.png,AXY76X
captcha_6170.png,68CFY3
captcha_6171.png,68CFY3
captcha_6172.png,AWY2GY
captcha_6173.png,XGARYP
captcha_6174.png,GAPB6A
captcha_6175.png,W77A7W
captcha_6176.png,AWY2GY
captcha_6177.png,4RDDC3
captcha_6178.png,NHCY58
captcha_6179.png,FDMXAR
captcha_6180.png,BMBHND
captcha_6181.png,EPBN7N
captcha_6182.png,AADKAP
captcha_6183.png,FDMXAR
captcha_6184.png,M5F7NM
captcha_6185.png,FDN2MB
captcha_6186.png,M5F7NM
captcha_6187.png,6XW6PD
captcha_6188.png,8YB8W3
captcha_6189.png,NWACD6
captcha_6190.png,WC4C2E
captcha_6191.png,FHEK48
captcha_6192.png,D5X4R3
captcha_6193.png,K2K7F6
captcha_6194.png,4Y6KKB
captcha_6195.png,H4EDYF
captcha_6196.png,R6ERAN
captcha_6197.png,DM53FE
captcha_6198.png,C2YEH6
captcha_6199.png,E8HWWN
captcha_6200.png,NA73DD
captcha_6201.png,XK8RMD
captcha_6202.png,PH84D6
captcha_6203.png,3XAXRF
captcha_6204.png,M53P8G
captcha_6205.png,2CH2FW
captcha_6206.png,E22CPW
captcha_6207.png,Y66G42
captcha_6208.png,Y66G42
captcha_6209.png,A53XK2
captcha_6210.png,Y66G42
captcha_6211.png,BHBMXF
captcha_6212.png,BHBMXF
captcha_6213.png,BHBMXF
captcha_6214.png,RANCHF
captcha_6215.png,RANCHF
captcha_6216.png,YHCGGM
captcha_6217.png,YHCGGM
captcha_6218.png,RANCHF
captcha_6219.png,Y66G42
captcha_6220.png,Y2A7FA
captcha_6221.png,7D6ABE
captcha_6222.png,RCG2F6
captcha_6223.png,BHBMXF
captcha_6224.png,RANCHF
captcha_6225.png,AYGEF5
captcha_6226.png,PPY75N
captcha_6227.png,Y66G42
captcha_6228.png,BHBMXF
captcha_6229.png,RANCHF
captcha_6230.png,4PGECB
captcha_6231.png,48HWDR
captcha_6232.png,RANCHF
captcha_6233.png,4PGECB
captcha_6234.png,RYWWFW
captcha_6235.png,C5DY7R
captcha_6236.png,48HWDR
captcha_6237.png,G8CBNH
captcha_6238.png,4PGECB
captcha_6239.png,48HWDR
captcha_6240.png,RCWNRP
captcha_6241.png,25F3CE
captcha_6242.png,RCWNRP
captcha_6243.png,25F3CE
captcha_6244.png,4KYE5N
captcha_6245.png,4KYE5N
captcha_6246.png,AGP3PP
captcha_6247.png,AGP3PP
captcha_6248.png,4KYE5N
captcha_6249.png,25F3CE
captcha_6250.png,H4D7YE
captcha_6251.png,RF58NW
captcha_6252.png,H4D7YE
captcha_6253.png,MW5WNR
captcha_6254.png,H2MYK4
captcha_6255.png,H4D7YE
captcha_6256.png,WCR45M
captcha_6257.png,Y22RMY
captcha_6258.png,Y22RMY
captcha_6259.png,MWDGY5
captcha_6260.png,MWDGY5
captcha_6261.png,MWDGY5
captcha_6262.png,MWDGY5
captcha_6263.png,MWDGY5
captcha_6264.png,6KGGFP
captcha_6265.png,6KGGFP
captcha_6266.png,6KGGFP
captcha_6267.png,WBC4KP
captcha_6268.png,WBC4KP
captcha_6269.png,WBC4KP
captcha_6270.png,G78E3M
captcha_6271.png,G78E3M
captcha_6272.png,G78E3M
captcha_6273.png,G5AKXR
captcha_6274.png,XMG38X
captcha_6275.png,YKG6YH
captcha_6276.png,YKG6YH
captcha_6277.png,YKG6YH
captcha_6278.png,G6A7DH
captcha_6279.png,NFF38Y
captcha_6280.png,72GFBG
captcha_6281.png,73BHHW
captcha_6282.png,PXCCRA
captcha_6283.png,PXCCRA
captcha_6284.png,5P64X2
captcha_6285.png,5P64X2
captcha_6286.png,MC2PN5
captcha_6287.png,PXCCRA
captcha_6288.png,PXCCRA
captcha_6289.png,7G8K6Y
captcha_6290.png,BY2ABW
captcha_6291.png,7XBEEF
captcha_6292.png,X6B6XH
captcha_6293.png,F2WGPE
captcha_6294.png,7G8K6Y
captcha_6295.png,FHKH3E
captcha_6296.png,G6C7H3
captcha_6297.png,FPXMY5
captcha_6298.png,7G8K6Y
captcha_6299.png,7G8K6Y
captcha_6300.png,7G8K6Y
